,PredictionValuesChange,LossFunctionChange
relationship,55.110616440987066,0.07882802134947642
capital-gain,23.387911256647005,0.03810657665825018
education-num,21.50147230236593,0.03310682733760889
occupation,0.0,0.0
